Workbook

Sheet Instructions
B2: GST Purchase Reconciliation Tool
B3: Matches the Purchase Register (books of account) against GSTR-2B to identify ITC mismatches
B5: Purpose
B6: Reconciles Input Tax Credit (ITC) claimed in the books against ITC reflected in GSTR-2B, so mismatches can be identified and followed up with suppliers before filing GSTR-3B.
B8: How to Use
B9: 1. Enter/paste purchase invoices in the 'Purchase Register' tab (blue cells are inputs).
B10: 2. Enter/paste the GSTR-2B download in the 'GSTR-2B' tab (blue cells are inputs).
B11: 3. The 'Reconciliation' tab auto-matches invoices by Invoice No. and flags status.
B12: 4. Review the 'Summary Dashboard' tab for totals, match rate and charts.
B13: 5. Chase suppliers for invoices flagged 'Missing in 2B' or 'Amount Mismatch'.
B15: Assumptions
B16: Standard GST rate (combined) | C16: 0.18 | D16: Intra-state = CGST 9% + SGST 9%. Inter-state = IGST 18%.
B17: Data period | C17: Jun 2026 - Aug 2026 | D17: Sample / illustrative data for demonstration purposes.
B18: Data source | C18: Mock data | D18: Built by Arun Bennalli as a portfolio project — not real transaction data.
B20: Colour Legend
B21: Blue text | C21: Hardcoded input / mock data entered by user
B22: Black text | C22: Formula — calculated automatically, do not overtype
B23: Green text | C23: Link pulling a value from another sheet
B24: Yellow fill | C24: Key assumption / editable input cell
B25: Red fill | C25: Mismatch or item needing follow-up
B26: Green fill | C26: Matched / reconciled item

Sheet Summary Dashboard
B2: GST Reconciliation — Summary Dashboard
B3: Purchase Register vs GSTR-2B, period Jun-Aug 2026
B5: Total Invoices (Books) | E5: Matched Invoices
B6: =COUNTA('Purchase Register'!B2:B26) -> 25 | E6: =COUNTIF(Reconciliation!J2:J26,"Matched") -> 20
B8: Missing in 2B | E8: Amount Mismatches
B9: =COUNTIF(Reconciliation!J2:J26,"Missing in 2B") -> 3 | E9: =COUNTIF(Reconciliation!J2:J26,"Amount Mismatch") -> 2
B11: Match Rate | E11: Duplicate Filings in 2B
B12: =E6/B6 -> 0.8 | E12: =COUNTIF('GSTR-2B'!N2:N25,"Duplicate filing") -> 2
B14: ITC Value Reconciliation
B15: Total ITC as per Books | C15: =SUM(Reconciliation!E2:E26) -> 526725
B16: Total ITC as per GSTR-2B (matched invoices) | C16: =SUM(Reconciliation!H2:H26) -> 464166
B17: Net ITC Variance (Books - 2B) | C17: =C15-C16 -> 62559
B18: Additional ITC available in 2B (not yet in books) | C18: =SUMIF('GSTR-2B'!N2:N25,"Not in Purchase Register",'GSTR-2B'!K2:K25) -> 7650
B22: Status Breakdown | E22: ITC: Books vs GSTR-2B
B23: Status | C23: Count | E23: Source | F23: ITC (Rs.)
B24: Matched | C24: =COUNTIF(Reconciliation!J2:J26,"Matched") -> 20 | E24: As per Books | F24: =C15 -> 526725
B25: Missing in 2B | C25: =COUNTIF(Reconciliation!J2:J26,"Missing in 2B") -> 3 | E25: As per GSTR-2B | F25: =C16 -> 464166
B26: Amount Mismatch | C26: =COUNTIF(Reconciliation!J2:J26,"Amount Mismatch") -> 2

Sheet Purchase Register
A1: S.No | B1: Invoice No. | C1: Supplier Name | D1: Supplier GSTIN | E1: Invoice Date | F1: Supply Type | G1: Taxable Value (Rs.) | H1: CGST (Rs.) | I1: SGST (Rs.) | J1: IGST (Rs.) | K1: Total Tax (Rs.) | L1: Total Invoice Value (Rs.)
A2: 1 | B2: INV-1001 | C2: Shree Enterprises | D2: 29AATFS1234A1Z5 | E2: 46255 | F2: Intra-state | G2: 43000 | H2: =IF(F2="Intra-state",G2*Instructions!$C$16/2,0) -> 3870 | I2: =IF(F2="Intra-state",G2*Instructions!$C$16/2,0) -> 3870 | J2: =IF(F2="Inter-state",G2*Instructions!$C$16,0) -> 0 | K2: =H2+I2+J2 -> 7740 | L2: =G2+K2 -> 50740
A3: 2 | B3: INV-1002 | C3: Om Traders | D3: 29AABCO5678B1Z2 | E3: 46209 | F3: Intra-state | G3: 77250 | H3: =IF(F3="Intra-state",G3*Instructions!$C$16/2,0) -> 6952.5 | I3: =IF(F3="Intra-state",G3*Instructions!$C$16/2,0) -> 6952.5 | J3: =IF(F3="Inter-state",G3*Instructions!$C$16,0) -> 0 | K3: =H3+I3+J3 -> 13905 | L3: =G3+K3 -> 91155
A4: 3 | B4: INV-1003 | C4: Bangalore Steel Corp | D4: 29AAECB4321C1Z9 | E4: 46191 | F4: Intra-state | G4: 203000 | H4: =IF(F4="Intra-state",G4*Instructions!$C$16/2,0) -> 18270 | I4: =IF(F4="Intra-state",G4*Instructions!$C$16/2,0) -> 18270 | J4: =IF(F4="Inter-state",G4*Instructions!$C$16,0) -> 0 | K4: =H4+I4+J4 -> 36540 | L4: =G4+K4 -> 239540
A5: 4 | B5: INV-1004 | C5: Karnataka Packaging Co | D5: 29AACK8765D1Z3 | E5: 46260 | F5: Intra-state | G5: 204000 | H5: =IF(F5="Intra-state",G5*Instructions!$C$16/2,0) -> 18360 | I5: =IF(F5="Intra-state",G5*Instructions!$C$16/2,0) -> 18360 | J5: =IF(F5="Inter-state",G5*Instructions!$C$16,0) -> 0 | K5: =H5+I5+J5 -> 36720 | L5: =G5+K5 -> 240720
A6: 5 | B6: INV-1005 | C6: Sunrise Textiles | D6: 29AADST3456E1Z7 | E6: 46249 | F6: Intra-state | G6: 123000 | H6: =IF(F6="Intra-state",G6*Instructions!$C$16/2,0) -> 11070 | I6: =IF(F6="Intra-state",G6*Instructions!$C$16/2,0) -> 11070 | J6: =IF(F6="Inter-state",G6*Instructions!$C$16,0) -> 0 | K6: =H6+I6+J6 -> 22140 | L6: =G6+K6 -> 145140
A7: 6 | B7: INV-1006 | C7: Delhi Electronics Pvt Ltd | D7: 07AABCD1234F1Z1 | E7: 46177 | F7: Inter-state | G7: 38250 | H7: =IF(F7="Intra-state",G7*Instructions!$C$16/2,0) -> 0 | I7: =IF(F7="Intra-state",G7*Instructions!$C$16/2,0) -> 0 | J7: =IF(F7="Inter-state",G7*Instructions!$C$16,0) -> 6885 | K7: =H7+I7+J7 -> 6885 | L7: =G7+K7 -> 45135
A8: 7 | B8: INV-1007 | C8: Mumbai Chemicals Ltd | D8: 27AAACM5678G1Z4 | E8: 46203 | F8: Inter-state | G8: 144000 | H8: =IF(F8="Intra-state",G8*Instructions!$C$16/2,0) -> 0 | I8: =IF(F8="Intra-state",G8*Instructions!$C$16/2,0) -> 0 | J8: =IF(F8="Inter-state",G8*Instructions!$C$16,0) -> 25920 | K8: =H8+I8+J8 -> 25920 | L8: =G8+K8 -> 169920
A9: 8 | B9: INV-1008 | C9: Chennai Auto Parts | D9: 33AADCC9012H1Z6 | E9: 46245 | F9: Inter-state | G9: 65750 | H9: =IF(F9="Intra-state",G9*Instructions!$C$16/2,0) -> 0 | I9: =IF(F9="Intra-state",G9*Instructions!$C$16/2,0) -> 0 | J9: =IF(F9="Inter-state",G9*Instructions!$C$16,0) -> 11835 | K9: =H9+I9+J9 -> 11835 | L9: =G9+K9 -> 77585
A10: 9 | B10: INV-1009 | C10: Hyderabad Pharma Supplies | D10: 36AABHP3456I1Z8 | E10: 46202 | F10: Inter-state | G10: 129500 | H10: =IF(F10="Intra-state",G10*Instructions!$C$16/2,0) -> 0 | I10: =IF(F10="Intra-state",G10*Instructions!$C$16/2,0) -> 0 | J10: =IF(F10="Inter-state",G10*Instructions!$C$16,0) -> 23310 | K10: =H10+I10+J10 -> 23310 | L10: =G10+K10 -> 152810
A11: 10 | B11: INV-1010 | C11: Kolkata Jute Mills | D11: 19AABKJ7890J1Z0 | E11: 46174 | F11: Inter-state | G11: 209250 | H11: =IF(F11="Intra-state",G11*Instructions!$C$16/2,0) -> 0 | I11: =IF(F11="Intra-state",G11*Instructions!$C$16/2,0) -> 0 | J11: =IF(F11="Inter-state",G11*Instructions!$C$16,0) -> 37665 | K11: =H11+I11+J11 -> 37665 | L11: =G11+K11 -> 246915
A12: 11 | B12: INV-1011 | C12: Shree Enterprises | D12: 29AATFS1234A1Z5 | E12: 46263 | F12: Intra-state | G12: 123500 | H12: =IF(F12="Intra-state",G12*Instructions!$C$16/2,0) -> 11115 | I12: =IF(F12="Intra-state",G12*Instructions!$C$16/2,0) -> 11115 | J12: =IF(F12="Inter-state",G12*Instructions!$C$16,0) -> 0 | K12: =H12+I12+J12 -> 22230 | L12: =G12+K12 -> 145730
A13: 12 | B13: INV-1012 | C13: Om Traders | D13: 29AABCO5678B1Z2 | E13: 46209 | F13: Intra-state | G13: 54250 | H13: =IF(F13="Intra-state",G13*Instructions!$C$16/2,0) -> 4882.5 | I13: =IF(F13="Intra-state",G13*Instructions!$C$16/2,0) -> 4882.5 | J13: =IF(F13="Inter-state",G13*Instructions!$C$16,0) -> 0 | K13: =H13+I13+J13 -> 9765 | L13: =G13+K13 -> 64015
... A26: 25 | B26: INV-1025 | C26: Sunrise Textiles | D26: 29AADST3456E1Z7 | E26: 46194 | F26: Intra-state | G26: 109500 | H26: =IF(F26="Intra-state",G26*Instructions!$C$16/2,0) -> 9855 | I26: =IF(F26="Intra-state",G26*Instructions!$C$16/2,0) -> 9855 | J26: =IF(F26="Inter-state",G26*Instructions!$C$16,0) -> 0 | K26: =H26+I26+J26 -> 19710 | L26: =G26+K26 -> 129210
F27: TOTAL | G27: =SUM(G2:G26) -> 2926250 | H27: =SUM(H2:H26) -> 152730 | I27: =SUM(I2:I26) -> 152730 | J27: =SUM(J2:J26) -> 221265 | K27: =SUM(K2:K26) -> 526725 | L27: =SUM(L2:L26) -> 3452975

Sheet GSTR-2B
A1: S.No | B1: Invoice No. | C1: Supplier Name | D1: Supplier GSTIN | E1: Invoice Date | F1: Supply Type | G1: Taxable Value (Rs.) | H1: CGST (Rs.) | I1: SGST (Rs.) | J1: IGST (Rs.) | K1: Total Tax (Rs.) | L1: Total Invoice Value (Rs.) | M1: Found in Books? | N1: Remarks
A2: 1 | B2: INV-1001 | C2: Shree Enterprises | D2: 29AATFS1234A1Z5 | E2: 46255 | F2: Intra-state | G2: 43000 | H2: =IF(F2="Intra-state",G2*Instructions!$C$16/2,0) -> 3870 | I2: =IF(F2="Intra-state",G2*Instructions!$C$16/2,0) -> 3870 | J2: =IF(F2="Inter-state",G2*Instructions!$C$16,0) -> 0 | K2: =H2+I2+J2 -> 7740 | L2: =G2+K2 -> 50740 | M2: =IF(ISNUMBER(MATCH(B2,'Purchase Register'!$B$2:$B$26,0)),"Yes","No") -> Yes | N2: =IF(M2="No","Not in Purchase Register",IF(COUNTIF($B$2:$B$25,B2)>1,"Duplicate filing","-")) -> -
A3: 2 | B3: INV-1002 | C3: Om Traders | D3: 29AABCO5678B1Z2 | E3: 46209 | F3: Intra-state | G3: 77250 | H3: =IF(F3="Intra-state",G3*Instructions!$C$16/2,0) -> 6952.5 | I3: =IF(F3="Intra-state",G3*Instructions!$C$16/2,0) -> 6952.5 | J3: =IF(F3="Inter-state",G3*Instructions!$C$16,0) -> 0 | K3: =H3+I3+J3 -> 13905 | L3: =G3+K3 -> 91155 | M3: =IF(ISNUMBER(MATCH(B3,'Purchase Register'!$B$2:$B$26,0)),"Yes","No") -> Yes | N3: =IF(M3="No","Not in Purchase Register",IF(COUNTIF($B$2:$B$25,B3)>1,"Duplicate filing","-")) -> -
A4: 3 | B4: INV-1003 | C4: Bangalore Steel Corp | D4: 29AAECB4321C1Z9 | E4: 46191 | F4: Intra-state | G4: 205500 | H4: =IF(F4="Intra-state",G4*Instructions!$C$16/2,0) -> 18495 | I4: =IF(F4="Intra-state",G4*Instructions!$C$16/2,0) -> 18495 | J4: =IF(F4="Inter-state",G4*Instructions!$C$16,0) -> 0 | K4: =H4+I4+J4 -> 36990 | L4: =G4+K4 -> 242490 | M4: =IF(ISNUMBER(MATCH(B4,'Purchase Register'!$B$2:$B$26,0)),"Yes","No") -> Yes | N4: =IF(M4="No","Not in Purchase Register",IF(COUNTIF($B$2:$B$25,B4)>1,"Duplicate filing","-")) -> -
A5: 4 | B5: INV-1004 | C5: Karnataka Packaging Co | D5: 29AACK8765D1Z3 | E5: 46260 | F5: Intra-state | G5: 204000 | H5: =IF(F5="Intra-state",G5*Instructions!$C$16/2,0) -> 18360 | I5: =IF(F5="Intra-state",G5*Instructions!$C$16/2,0) -> 18360 | J5: =IF(F5="Inter-state",G5*Instructions!$C$16,0) -> 0 | K5: =H5+I5+J5 -> 36720 | L5: =G5+K5 -> 240720 | M5: =IF(ISNUMBER(MATCH(B5,'Purchase Register'!$B$2:$B$26,0)),"Yes","No") -> Yes | N5: =IF(M5="No","Not in Purchase Register",IF(COUNTIF($B$2:$B$25,B5)>1,"Duplicate filing","-")) -> -
A6: 5 | B6: INV-1006 | C6: Delhi Electronics Pvt Ltd | D6: 07AABCD1234F1Z1 | E6: 46177 | F6: Inter-state | G6: 38250 | H6: =IF(F6="Intra-state",G6*Instructions!$C$16/2,0) -> 0 | I6: =IF(F6="Intra-state",G6*Instructions!$C$16/2,0) -> 0 | J6: =IF(F6="Inter-state",G6*Instructions!$C$16,0) -> 6885 | K6: =H6+I6+J6 -> 6885 | L6: =G6+K6 -> 45135 | M6: =IF(ISNUMBER(MATCH(B6,'Purchase Register'!$B$2:$B$26,0)),"Yes","No") -> Yes | N6: =IF(M6="No","Not in Purchase Register",IF(COUNTIF($B$2:$B$25,B6)>1,"Duplicate filing","-")) -> -
A7: 6 | B7: INV-1007 | C7: Mumbai Chemicals Ltd | D7: 27AAACM5678G1Z4 | E7: 46203 | F7: Inter-state | G7: 144000 | H7: =IF(F7="Intra-state",G7*Instructions!$C$16/2,0) -> 0 | I7: =IF(F7="Intra-state",G7*Instructions!$C$16/2,0) -> 0 | J7: =IF(F7="Inter-state",G7*Instructions!$C$16,0) -> 25920 | K7: =H7+I7+J7 -> 25920 | L7: =G7+K7 -> 169920 | M7: =IF(ISNUMBER(MATCH(B7,'Purchase Register'!$B$2:$B$26,0)),"Yes","No") -> Yes | N7: =IF(M7="No","Not in Purchase Register",IF(COUNTIF($B$2:$B$25,B7)>1,"Duplicate filing","-")) -> -
A8: 7 | B8: INV-1008 | C8: Chennai Auto Parts | D8: 33AADCC9012H1Z6 | E8: 46245 | F8: Inter-state | G8: 65750 | H8: =IF(F8="Intra-state",G8*Instructions!$C$16/2,0) -> 0 | I8: =IF(F8="Intra-state",G8*Instructions!$C$16/2,0) -> 0 | J8: =IF(F8="Inter-state",G8*Instructions!$C$16,0) -> 11835 | K8: =H8+I8+J8 -> 11835 | L8: =G8+K8 -> 77585 | M8: =IF(ISNUMBER(MATCH(B8,'Purchase Register'!$B$2:$B$26,0)),"Yes","No") -> Yes | N8: =IF(M8="No","Not in Purchase Register",IF(COUNTIF($B$2:$B$25,B8)>1,"Duplicate filing","-")) -> Duplicate filing
A9: 8 | B9: INV-1008 | C9: Chennai Auto Parts | D9: 33AADCC9012H1Z6 | E9: 46245 | F9: Inter-state | G9: 65750 | H9: =IF(F9="Intra-state",G9*Instructions!$C$16/2,0) -> 0 | I9: =IF(F9="Intra-state",G9*Instructions!$C$16/2,0) -> 0 | J9: =IF(F9="Inter-state",G9*Instructions!$C$16,0) -> 11835 | K9: =H9+I9+J9 -> 11835 | L9: =G9+K9 -> 77585 | M9: =IF(ISNUMBER(MATCH(B9,'Purchase Register'!$B$2:$B$26,0)),"Yes","No") -> Yes | N9: =IF(M9="No","Not in Purchase Register",IF(COUNTIF($B$2:$B$25,B9)>1,"Duplicate filing","-")) -> Duplicate filing
A10: 9 | B10: INV-1009 | C10: Hyderabad Pharma Supplies | D10: 36AABHP3456I1Z8 | E10: 46202 | F10: Inter-state | G10: 129500 | H10: =IF(F10="Intra-state",G10*Instructions!$C$16/2,0) -> 0 | I10: =IF(F10="Intra-state",G10*Instructions!$C$16/2,0) -> 0 | J10: =IF(F10="Inter-state",G10*Instructions!$C$16,0) -> 23310 | K10: =H10+I10+J10 -> 23310 | L10: =G10+K10 -> 152810 | M10: =IF(ISNUMBER(MATCH(B10,'Purchase Register'!$B$2:$B$26,0)),"Yes","No") -> Yes | N10: =IF(M10="No","Not in Purchase Register",IF(COUNTIF($B$2:$B$25,B10)>1,"Duplicate filing","-")) -> -
A11: 10 | B11: INV-1010 | C11: Kolkata Jute Mills | D11: 19AABKJ7890J1Z0 | E11: 46174 | F11: Inter-state | G11: 209250 | H11: =IF(F11="Intra-state",G11*Instructions!$C$16/2,0) -> 0 | I11: =IF(F11="Intra-state",G11*Instructions!$C$16/2,0) -> 0 | J11: =IF(F11="Inter-state",G11*Instructions!$C$16,0) -> 37665 | K11: =H11+I11+J11 -> 37665 | L11: =G11+K11 -> 246915 | M11: =IF(ISNUMBER(MATCH(B11,'Purchase Register'!$B$2:$B$26,0)),"Yes","No") -> Yes | N11: =IF(M11="No","Not in Purchase Register",IF(COUNTIF($B$2:$B$25,B11)>1,"Duplicate filing","-")) -> -
A12: 11 | B12: INV-1011 | C12: Shree Enterprises | D12: 29AATFS1234A1Z5 | E12: 46263 | F12: Intra-state | G12: 123500 | H12: =IF(F12="Intra-state",G12*Instructions!$C$16/2,0) -> 11115 | I12: =IF(F12="Intra-state",G12*Instructions!$C$16/2,0) -> 11115 | J12: =IF(F12="Inter-state",G12*Instructions!$C$16,0) -> 0 | K12: =H12+I12+J12 -> 22230 | L12: =G12+K12 -> 145730 | M12: =IF(ISNUMBER(MATCH(B12,'Purchase Register'!$B$2:$B$26,0)),"Yes","No") -> Yes | N12: =IF(M12="No","Not in Purchase Register",IF(COUNTIF($B$2:$B$25,B12)>1,"Duplicate filing","-")) -> -
A13: 12 | B13: INV-1012 | C13: Om Traders | D13: 29AABCO5678B1Z2 | E13: 46209 | F13: Intra-state | G13: 54250 | H13: =IF(F13="Intra-state",G13*Instructions!$C$16/2,0) -> 4882.5 | I13: =IF(F13="Intra-state",G13*Instructions!$C$16/2,0) -> 4882.5 | J13: =IF(F13="Inter-state",G13*Instructions!$C$16,0) -> 0 | K13: =H13+I13+J13 -> 9765 | L13: =G13+K13 -> 64015 | M13: =IF(ISNUMBER(MATCH(B13,'Purchase Register'!$B$2:$B$26,0)),"Yes","No") -> Yes | N13: =IF(M13="No","Not in Purchase Register",IF(COUNTIF($B$2:$B$25,B13)>1,"Duplicate filing","-")) -> -
... A25: 24 | B25: INV-1099 | C25: Om Traders | D25: 29AABCO5678B1Z2 | E25: 46225 | F25: Intra-state | G25: 42500 | H25: =IF(F25="Intra-state",G25*Instructions!$C$16/2,0) -> 3825 | I25: =IF(F25="Intra-state",G25*Instructions!$C$16/2,0) -> 3825 | J25: =IF(F25="Inter-state",G25*Instructions!$C$16,0) -> 0 | K25: =H25+I25+J25 -> 7650 | L25: =G25+K25 -> 50150 | M25: =IF(ISNUMBER(MATCH(B25,'Purchase Register'!$B$2:$B$26,0)),"Yes","No") -> No | N25: =IF(M25="No","Not in Purchase Register",IF(COUNTIF($B$2:$B$25,B25)>1,"Duplicate filing","-")) -> Not in Purchase Register
F26: TOTAL | G26: =SUM(G2:G25) -> 2686950 | H26: =SUM(H2:H25) -> 125437.5 | I26: =SUM(I2:I25) -> 125437.5 | J26: =SUM(J2:J25) -> 232776 | K26: =SUM(K2:K25) -> 483651 | L26: =SUM(L2:L25) -> 3170601

Sheet Reconciliation
A1: S.No | B1: Invoice No. | C1: Supplier Name | D1: Taxable Value - Books (Rs.) | E1: ITC as per Books (Rs.) | F1: Found in 2B? | G1: Taxable Value - GSTR-2B (Rs.) | H1: ITC as per GSTR-2B (Rs.) | I1: ITC Variance (Rs.) | J1: Status
A2: 1 | B2: ='Purchase Register'!B2 -> INV-1001 | C2: ='Purchase Register'!C2 -> Shree Enterprises | D2: ='Purchase Register'!G2 -> 43000 | E2: ='Purchase Register'!K2 -> 7740 | F2: =ISNUMBER(MATCH(B2,'GSTR-2B'!$B$2:$B$25,0)) -> TRUE | G2: =IF(F2,INDEX('GSTR-2B'!$G$2:$G$25,MATCH(B2,'GSTR-2B'!$B$2:$B$25,0)),0) -> 43000 | H2: =IF(F2,INDEX('GSTR-2B'!$K$2:$K$25,MATCH(B2,'GSTR-2B'!$B$2:$B$25,0)),0) -> 7740 | I2: =E2-H2 -> 0 | J2: =IF(F2=FALSE(),"Missing in 2B",IF(I2<>0,"Amount Mismatch","Matched")) -> Matched
A3: 2 | B3: ='Purchase Register'!B3 -> INV-1002 | C3: ='Purchase Register'!C3 -> Om Traders | D3: ='Purchase Register'!G3 -> 77250 | E3: ='Purchase Register'!K3 -> 13905 | F3: =ISNUMBER(MATCH(B3,'GSTR-2B'!$B$2:$B$25,0)) -> TRUE | G3: =IF(F3,INDEX('GSTR-2B'!$G$2:$G$25,MATCH(B3,'GSTR-2B'!$B$2:$B$25,0)),0) -> 77250 | H3: =IF(F3,INDEX('GSTR-2B'!$K$2:$K$25,MATCH(B3,'GSTR-2B'!$B$2:$B$25,0)),0) -> 13905 | I3: =E3-H3 -> 0 | J3: =IF(F3=FALSE(),"Missing in 2B",IF(I3<>0,"Amount Mismatch","Matched")) -> Matched
A4: 3 | B4: ='Purchase Register'!B4 -> INV-1003 | C4: ='Purchase Register'!C4 -> Bangalore Steel Corp | D4: ='Purchase Register'!G4 -> 203000 | E4: ='Purchase Register'!K4 -> 36540 | F4: =ISNUMBER(MATCH(B4,'GSTR-2B'!$B$2:$B$25,0)) -> TRUE | G4: =IF(F4,INDEX('GSTR-2B'!$G$2:$G$25,MATCH(B4,'GSTR-2B'!$B$2:$B$25,0)),0) -> 205500 | H4: =IF(F4,INDEX('GSTR-2B'!$K$2:$K$25,MATCH(B4,'GSTR-2B'!$B$2:$B$25,0)),0) -> 36990 | I4: =E4-H4 -> -450 | J4: =IF(F4=FALSE(),"Missing in 2B",IF(I4<>0,"Amount Mismatch","Matched")) -> Amount Mismatch
A5: 4 | B5: ='Purchase Register'!B5 -> INV-1004 | C5: ='Purchase Register'!C5 -> Karnataka Packaging Co | D5: ='Purchase Register'!G5 -> 204000 | E5: ='Purchase Register'!K5 -> 36720 | F5: =ISNUMBER(MATCH(B5,'GSTR-2B'!$B$2:$B$25,0)) -> TRUE | G5: =IF(F5,INDEX('GSTR-2B'!$G$2:$G$25,MATCH(B5,'GSTR-2B'!$B$2:$B$25,0)),0) -> 204000 | H5: =IF(F5,INDEX('GSTR-2B'!$K$2:$K$25,MATCH(B5,'GSTR-2B'!$B$2:$B$25,0)),0) -> 36720 | I5: =E5-H5 -> 0 | J5: =IF(F5=FALSE(),"Missing in 2B",IF(I5<>0,"Amount Mismatch","Matched")) -> Matched
A6: 5 | B6: ='Purchase Register'!B6 -> INV-1005 | C6: ='Purchase Register'!C6 -> Sunrise Textiles | D6: ='Purchase Register'!G6 -> 123000 | E6: ='Purchase Register'!K6 -> 22140 | F6: =ISNUMBER(MATCH(B6,'GSTR-2B'!$B$2:$B$25,0)) -> FALSE | G6: =IF(F6,INDEX('GSTR-2B'!$G$2:$G$25,MATCH(B6,'GSTR-2B'!$B$2:$B$25,0)),0) -> 0 | H6: =IF(F6,INDEX('GSTR-2B'!$K$2:$K$25,MATCH(B6,'GSTR-2B'!$B$2:$B$25,0)),0) -> 0 | I6: =E6-H6 -> 22140 | J6: =IF(F6=FALSE(),"Missing in 2B",IF(I6<>0,"Amount Mismatch","Matched")) -> Missing in 2B
A7: 6 | B7: ='Purchase Register'!B7 -> INV-1006 | C7: ='Purchase Register'!C7 -> Delhi Electronics Pvt Ltd | D7: ='Purchase Register'!G7 -> 38250 | E7: ='Purchase Register'!K7 -> 6885 | F7: =ISNUMBER(MATCH(B7,'GSTR-2B'!$B$2:$B$25,0)) -> TRUE | G7: =IF(F7,INDEX('GSTR-2B'!$G$2:$G$25,MATCH(B7,'GSTR-2B'!$B$2:$B$25,0)),0) -> 38250 | H7: =IF(F7,INDEX('GSTR-2B'!$K$2:$K$25,MATCH(B7,'GSTR-2B'!$B$2:$B$25,0)),0) -> 6885 | I7: =E7-H7 -> 0 | J7: =IF(F7=FALSE(),"Missing in 2B",IF(I7<>0,"Amount Mismatch","Matched")) -> Matched
A8: 7 | B8: ='Purchase Register'!B8 -> INV-1007 | C8: ='Purchase Register'!C8 -> Mumbai Chemicals Ltd | D8: ='Purchase Register'!G8 -> 144000 | E8: ='Purchase Register'!K8 -> 25920 | F8: =ISNUMBER(MATCH(B8,'GSTR-2B'!$B$2:$B$25,0)) -> TRUE | G8: =IF(F8,INDEX('GSTR-2B'!$G$2:$G$25,MATCH(B8,'GSTR-2B'!$B$2:$B$25,0)),0) -> 144000 | H8: =IF(F8,INDEX('GSTR-2B'!$K$2:$K$25,MATCH(B8,'GSTR-2B'!$B$2:$B$25,0)),0) -> 25920 | I8: =E8-H8 -> 0 | J8: =IF(F8=FALSE(),"Missing in 2B",IF(I8<>0,"Amount Mismatch","Matched")) -> Matched
A9: 8 | B9: ='Purchase Register'!B9 -> INV-1008 | C9: ='Purchase Register'!C9 -> Chennai Auto Parts | D9: ='Purchase Register'!G9 -> 65750 | E9: ='Purchase Register'!K9 -> 11835 | F9: =ISNUMBER(MATCH(B9,'GSTR-2B'!$B$2:$B$25,0)) -> TRUE | G9: =IF(F9,INDEX('GSTR-2B'!$G$2:$G$25,MATCH(B9,'GSTR-2B'!$B$2:$B$25,0)),0) -> 65750 | H9: =IF(F9,INDEX('GSTR-2B'!$K$2:$K$25,MATCH(B9,'GSTR-2B'!$B$2:$B$25,0)),0) -> 11835 | I9: =E9-H9 -> 0 | J9: =IF(F9=FALSE(),"Missing in 2B",IF(I9<>0,"Amount Mismatch","Matched")) -> Matched
A10: 9 | B10: ='Purchase Register'!B10 -> INV-1009 | C10: ='Purchase Register'!C10 -> Hyderabad Pharma Supplies | D10: ='Purchase Register'!G10 -> 129500 | E10: ='Purchase Register'!K10 -> 23310 | F10: =ISNUMBER(MATCH(B10,'GSTR-2B'!$B$2:$B$25,0)) -> TRUE | G10: =IF(F10,INDEX('GSTR-2B'!$G$2:$G$25,MATCH(B10,'GSTR-2B'!$B$2:$B$25,0)),0) -> 129500 | H10: =IF(F10,INDEX('GSTR-2B'!$K$2:$K$25,MATCH(B10,'GSTR-2B'!$B$2:$B$25,0)),0) -> 23310 | I10: =E10-H10 -> 0 | J10: =IF(F10=FALSE(),"Missing in 2B",IF(I10<>0,"Amount Mismatch","Matched")) -> Matched
A11: 10 | B11: ='Purchase Register'!B11 -> INV-1010 | C11: ='Purchase Register'!C11 -> Kolkata Jute Mills | D11: ='Purchase Register'!G11 -> 209250 | E11: ='Purchase Register'!K11 -> 37665 | F11: =ISNUMBER(MATCH(B11,'GSTR-2B'!$B$2:$B$25,0)) -> TRUE | G11: =IF(F11,INDEX('GSTR-2B'!$G$2:$G$25,MATCH(B11,'GSTR-2B'!$B$2:$B$25,0)),0) -> 209250 | H11: =IF(F11,INDEX('GSTR-2B'!$K$2:$K$25,MATCH(B11,'GSTR-2B'!$B$2:$B$25,0)),0) -> 37665 | I11: =E11-H11 -> 0 | J11: =IF(F11=FALSE(),"Missing in 2B",IF(I11<>0,"Amount Mismatch","Matched")) -> Matched
A12: 11 | B12: ='Purchase Register'!B12 -> INV-1011 | C12: ='Purchase Register'!C12 -> Shree Enterprises | D12: ='Purchase Register'!G12 -> 123500 | E12: ='Purchase Register'!K12 -> 22230 | F12: =ISNUMBER(MATCH(B12,'GSTR-2B'!$B$2:$B$25,0)) -> TRUE | G12: =IF(F12,INDEX('GSTR-2B'!$G$2:$G$25,MATCH(B12,'GSTR-2B'!$B$2:$B$25,0)),0) -> 123500 | H12: =IF(F12,INDEX('GSTR-2B'!$K$2:$K$25,MATCH(B12,'GSTR-2B'!$B$2:$B$25,0)),0) -> 22230 | I12: =E12-H12 -> 0 | J12: =IF(F12=FALSE(),"Missing in 2B",IF(I12<>0,"Amount Mismatch","Matched")) -> Matched
A13: 12 | B13: ='Purchase Register'!B13 -> INV-1012 | C13: ='Purchase Register'!C13 -> Om Traders | D13: ='Purchase Register'!G13 -> 54250 | E13: ='Purchase Register'!K13 -> 9765 | F13: =ISNUMBER(MATCH(B13,'GSTR-2B'!$B$2:$B$25,0)) -> TRUE | G13: =IF(F13,INDEX('GSTR-2B'!$G$2:$G$25,MATCH(B13,'GSTR-2B'!$B$2:$B$25,0)),0) -> 54250 | H13: =IF(F13,INDEX('GSTR-2B'!$K$2:$K$25,MATCH(B13,'GSTR-2B'!$B$2:$B$25,0)),0) -> 9765 | I13: =E13-H13 -> 0 | J13: =IF(F13=FALSE(),"Missing in 2B",IF(I13<>0,"Amount Mismatch","Matched")) -> Matched
... A26: 25 | B26: ='Purchase Register'!B26 -> INV-1025 | C26: ='Purchase Register'!C26 -> Sunrise Textiles | D26: ='Purchase Register'!G26 -> 109500 | E26: ='Purchase Register'!K26 -> 19710 | F26: =ISNUMBER(MATCH(B26,'GSTR-2B'!$B$2:$B$25,0)) -> TRUE | G26: =IF(F26,INDEX('GSTR-2B'!$G$2:$G$25,MATCH(B26,'GSTR-2B'!$B$2:$B$25,0)),0) -> 109500 | H26: =IF(F26,INDEX('GSTR-2B'!$K$2:$K$25,MATCH(B26,'GSTR-2B'!$B$2:$B$25,0)),0) -> 19710 | I26: =E26-H26 -> 0 | J26: =IF(F26=FALSE(),"Missing in 2B",IF(I26<>0,"Amount Mismatch","Matched")) -> Matched
A28: Note: invoices present in GSTR-2B but missing from the Purchase Register (extra ITC available) and duplicate supplier filings are flagged on the 'GSTR-2B' tab, Remarks column.
